experiment,trial,item_type,form,meaning,foils
1,1,practice,honnori,WAFTING,chirahora|hiyahiya|bukubuku|harahara|debudebu|fuwafuwa|kebakeba|nurunuru|kachikachi|chikuchiku|boroboro|kankan2|kirakira|nikoniko-nomosaic|buruburu|gojagoja|wanwan|betabeta|morimori2|sansan|korokoro2|ukiuki|gizagiza|gokugoku|kunekune|dokidoki|morimori|bukubuku2|wakuwaku|gayagaya|mojimoji|kankan3|berabera2|kankan|korokoro|ujauja|morimori3|hisohiso|gojagoja2|sekaseka|berabera|hokahoka|shikkari
1,2,practice,chirahora,SKATTERED,honnori|hiyahiya|bukubuku|harahara|debudebu|fuwafuwa|kebakeba|nurunuru|kachikachi|chikuchiku|boroboro|kankan2|kirakira|nikoniko-nomosaic|buruburu|gojagoja|wanwan|betabeta|morimori2|sansan|korokoro2|ukiuki|gizagiza|gokugoku|kunekune|dokidoki|morimori|bukubuku2|wakuwaku|gayagaya|mojimoji|kankan3|berabera2|kankan|korokoro|ujauja|morimori3|hisohiso|gojagoja2|sekaseka|berabera|hokahoka|shikkari
1,3,trial,hiyahiya,RELIEVED|CLOSE CALL|PHEW,honnori|chirahora|bukubuku|harahara|debudebu|fuwafuwa|kebakeba|nurunuru|kachikachi|chikuchiku|boroboro|kankan2|kirakira|nikoniko-nomosaic|buruburu|gojagoja|wanwan|betabeta|morimori2|sansan|korokoro2|ukiuki|gizagiza|gokugoku|kunekune|dokidoki|morimori|bukubuku2|wakuwaku|gayagaya|mojimoji|kankan3|berabera2|kankan|korokoro|ujauja|morimori3|hisohiso|gojagoja2|sekaseka|berabera|hokahoka|shikkari
1,4,trial,bukubuku,CHUBBY|PUDGY|FAT,honnori|chirahora|hiyahiya|harahara|fuwafuwa|kebakeba|nurunuru|kachikachi|chikuchiku|boroboro|kankan2|kirakira|nikoniko-nomosaic|buruburu|gojagoja|wanwan|betabeta|morimori2|sansan|korokoro2|ukiuki|gizagiza|gokugoku|kunekune|dokidoki|morimori|bukubuku2|wakuwaku|gayagaya|mojimoji|kankan3|berabera2|kankan|korokoro|ujauja|morimori3|hisohiso|gojagoja2|sekaseka|berabera|hokahoka|shikkari
1,5,trial,harahara,FLUTTERING|DRIFTING|SINKING,honnori|chirahora|hiyahiya|bukubuku|debudebu|fuwafuwa|kebakeba|nurunuru|kachikachi|chikuchiku|boroboro|kankan2|kirakira|nikoniko-nomosaic|buruburu|gojagoja|wanwan|betabeta|morimori2|sansan|korokoro2|ukiuki|gizagiza|gokugoku|kunekune|dokidoki|morimori|bukubuku2|wakuwaku|gayagaya|mojimoji|kankan3|berabera2|kankan|korokoro|ujauja|morimori3|hisohiso|gojagoja2|sekaseka|berabera|hokahoka|shikkari
1,6,trial,debudebu,FAT|PUDGY|DUMPY,honnori|chirahora|hiyahiya|harahara|fuwafuwa|kebakeba|nurunuru|kachikachi|chikuchiku|boroboro|kankan2|kirakira|nikoniko-nomosaic|buruburu|gojagoja|wanwan|betabeta|morimori2|sansan|korokoro2|ukiuki|gizagiza|gokugoku|kunekune|dokidoki|morimori|bukubuku2|wakuwaku|gayagaya|mojimoji|kankan3|berabera2|kankan|korokoro|ujauja|morimori3|hisohiso|gojagoja2|sekaseka|berabera|hokahoka|shikkari
1,7,trial,chirahora,HERE AND THERE|TO AND FRO|SKATTERED,honnori|hiyahiya|bukubuku|harahara|debudebu|fuwafuwa|kebakeba|nurunuru|kachikachi|chikuchiku|boroboro|kankan2|kirakira|nikoniko-nomosaic|buruburu|gojagoja|wanwan|betabeta|morimori2|sansan|korokoro2|ukiuki|gizagiza|gokugoku|kunekune|dokidoki|morimori|bukubuku2|wakuwaku|gayagaya|mojimoji|kankan3|berabera2|kankan|korokoro|ujauja|morimori3|hisohiso|gojagoja2|sekaseka|berabera|hokahoka|shikkari
1,8,trial,fuwafuwa,FLUFFY|SPONGY|SOFT,honnori|chirahora|hiyahiya|bukubuku|harahara|debudebu|kebakeba|nurunuru|kachikachi|chikuchiku|boroboro|kankan2|kirakira|nikoniko-nomosaic|buruburu|gojagoja|wanwan|betabeta|morimori2|sansan|korokoro2|ukiuki|gizagiza|gokugoku|kunekune|dokidoki|morimori|bukubuku2|wakuwaku|gayagaya|mojimoji|kankan3|berabera2|kankan|korokoro|ujauja|morimori3|hisohiso|gojagoja2|sekaseka|berabera|hokahoka|shikkari
1,9,trial,kebakeba,FUZZY|FRIZZY|FRAZZLED,honnori|chirahora|hiyahiya|bukubuku|harahara|debudebu|fuwafuwa|nurunuru|kachikachi|chikuchiku|boroboro|kankan2|kirakira|nikoniko-nomosaic|buruburu|gojagoja|wanwan|betabeta|morimori2|sansan|korokoro2|ukiuki|gizagiza|gokugoku|kunekune|dokidoki|morimori|bukubuku2|wakuwaku|gayagaya|mojimoji|kankan3|berabera2|kankan|korokoro|ujauja|morimori3|hisohiso|gojagoja2|sekaseka|berabera|hokahoka|shikkari
1,10,trial,nurunuru,SLIMY|SLIPPERY|GREASY,honnori|chirahora|hiyahiya|bukubuku|harahara|debudebu|fuwafuwa|kebakeba|kachikachi|chikuchiku|boroboro|kankan2|kirakira|nikoniko-nomosaic|buruburu|gojagoja|wanwan|betabeta|morimori2|sansan|korokoro2|ukiuki|gizagiza|gokugoku|kunekune|dokidoki|morimori|bukubuku2|wakuwaku|gayagaya|mojimoji|kankan3|berabera2|kankan|korokoro|ujauja|morimori3|hisohiso|gojagoja2|sekaseka|berabera|hokahoka|shikkari
1,11,trial,kachikachi,HARD|SOLID|FIRM,honnori|chirahora|hiyahiya|bukubuku|harahara|debudebu|fuwafuwa|kebakeba|nurunuru|chikuchiku|boroboro|kankan2|kirakira|nikoniko-nomosaic|buruburu|gojagoja|wanwan|betabeta|morimori2|sansan|korokoro2|ukiuki|gizagiza|gokugoku|kunekune|dokidoki|morimori|bukubuku2|wakuwaku|gayagaya|mojimoji|kankan3|berabera2|kankan|korokoro|ujauja|morimori3|hisohiso|gojagoja2|sekaseka|berabera|hokahoka|shikkari
2,1,practice,honnori,WAFTING,chirahora|hiyahiya|bukubuku|harahara|debudebu|fuwafuwa|kebakeba|nurunuru|kachikachi|chikuchiku|boroboro|kankan2|kirakira|nikoniko-nomosaic|buruburu|gojagoja|wanwan|betabeta|morimori2|sansan|korokoro2|ukiuki|gizagiza|gokugoku|kunekune|dokidoki|morimori|bukubuku2|wakuwaku|gayagaya|mojimoji|kankan3|berabera2|kankan|korokoro|ujauja|morimori3|hisohiso|gojagoja2|sekaseka|berabera|hokahoka|shikkari
2,2,practice,chirahora,SKATTERED,honnori|hiyahiya|bukubuku|harahara|debudebu|fuwafuwa|kebakeba|nurunuru|kachikachi|chikuchiku|boroboro|kankan2|kirakira|nikoniko-nomosaic|buruburu|gojagoja|wanwan|betabeta|morimori2|sansan|korokoro2|ukiuki|gizagiza|gokugoku|kunekune|dokidoki|morimori|bukubuku2|wakuwaku|gayagaya|mojimoji|kankan3|berabera2|kankan|korokoro|ujauja|morimori3|hisohiso|gojagoja2|sekaseka|berabera|hokahoka|shikkari
2,3,trial,chikuchiku,PRICKLING|STINGING|TINGLING,honnori|chirahora|hiyahiya|bukubuku|harahara|debudebu|fuwafuwa|kebakeba|nurunuru|kachikachi|boroboro|kankan2|kirakira|nikoniko-nomosaic|buruburu|gojagoja|wanwan|betabeta|morimori2|sansan|korokoro2|ukiuki|gizagiza|gokugoku|kunekune|dokidoki|morimori|bukubuku2|wakuwaku|gayagaya|mojimoji|kankan3|berabera2|kankan|korokoro|ujauja|morimori3|hisohiso|gojagoja2|sekaseka|berabera|hokahoka|shikkari
2,4,trial,boroboro,SLOPPILY|CRUMBLING|MESSILY,honnori|chirahora|hiyahiya|bukubuku|harahara|debudebu|fuwafuwa|kebakeba|nurunuru|kachikachi|chikuchiku|kankan2|kirakira|nikoniko-nomosaic|buruburu|gojagoja|wanwan|betabeta|morimori2|sansan|korokoro2|ukiuki|gizagiza|gokugoku|kunekune|dokidoki|morimori|bukubuku2|wakuwaku|gayagaya|mojimoji|kankan3|berabera2|kankan|korokoro|ujauja|morimori3|hisohiso|gojagoja2|sekaseka|berabera|hokahoka|shikkari
2,5,trial,kankan2,ANGRY|FURIOUS|MAD,honnori|chirahora|hiyahiya|bukubuku|harahara|debudebu|fuwafuwa|kebakeba|nurunuru|kachikachi|chikuchiku|boroboro|kirakira|nikoniko-nomosaic|buruburu|gojagoja|wanwan|betabeta|morimori2|sansan|korokoro2|ukiuki|gizagiza|gokugoku|kunekune|dokidoki|morimori|bukubuku2|wakuwaku|gayagaya|mojimoji|kankan3|berabera2|kankan|korokoro|ujauja|morimori3|hisohiso|gojagoja2|sekaseka|berabera|hokahoka|shikkari
2,6,trial,kirakira,SPARKLING|GLITTERING|TWINKLING,honnori|chirahora|hiyahiya|bukubuku|harahara|debudebu|fuwafuwa|kebakeba|nurunuru|kachikachi|chikuchiku|boroboro|kankan2|nikoniko-nomosaic|buruburu|gojagoja|wanwan|betabeta|morimori2|sansan|korokoro2|ukiuki|gizagiza|gokugoku|kunekune|dokidoki|morimori|bukubuku2|wakuwaku|gayagaya|mojimoji|kankan3|berabera2|kankan|korokoro|ujauja|morimori3|hisohiso|gojagoja2|sekaseka|berabera|hokahoka|shikkari
2,7,trial,nikoniko-nomosaic,SMILING|BEAMING|GRINNING,honnori|chirahora|hiyahiya|bukubuku|harahara|debudebu|fuwafuwa|kebakeba|nurunuru|kachikachi|chikuchiku|boroboro|kankan2|kirakira|buruburu|gojagoja|wanwan|betabeta|morimori2|sansan|korokoro2|ukiuki|gizagiza|gokugoku|kunekune|dokidoki|morimori|bukubuku2|wakuwaku|gayagaya|mojimoji|kankan3|berabera2|kankan|korokoro|ujauja|morimori3|hisohiso|gojagoja2|sekaseka|berabera|hokahoka|shikkari
2,8,trial,buruburu,COLD|CHILLY|FREEZING,honnori|chirahora|hiyahiya|bukubuku|harahara|debudebu|fuwafuwa|kebakeba|nurunuru|kachikachi|chikuchiku|boroboro|kankan2|kirakira|nikoniko-nomosaic|gojagoja|wanwan|betabeta|morimori2|sansan|korokoro2|ukiuki|gizagiza|gokugoku|kunekune|dokidoki|morimori|bukubuku2|wakuwaku|gayagaya|mojimoji|kankan3|berabera2|kankan|korokoro|ujauja|morimori3|hisohiso|gojagoja2|sekaseka|berabera|hokahoka|shikkari
2,9,trial,gojagoja,JUMBLED UP|MIXED UP|MUDDLED UP,honnori|chirahora|hiyahiya|bukubuku|harahara|debudebu|fuwafuwa|kebakeba|nurunuru|kachikachi|chikuchiku|boroboro|kankan2|kirakira|nikoniko-nomosaic|buruburu|wanwan|betabeta|morimori2|sansan|korokoro2|ukiuki|gizagiza|gokugoku|kunekune|dokidoki|morimori|bukubuku2|wakuwaku|gayagaya|mojimoji|kankan3|berabera2|kankan|korokoro|ujauja|morimori3|hisohiso|sekaseka|berabera|hokahoka|shikkari
2,10,trial,wanwan,CRYING|BAWLING|HOWLING,honnori|chirahora|hiyahiya|bukubuku|harahara|debudebu|fuwafuwa|kebakeba|nurunuru|kachikachi|chikuchiku|boroboro|kankan2|kirakira|nikoniko-nomosaic|buruburu|gojagoja|betabeta|morimori2|sansan|korokoro2|ukiuki|gizagiza|gokugoku|kunekune|dokidoki|morimori|bukubuku2|wakuwaku|gayagaya|mojimoji|kankan3|berabera2|kankan|korokoro|ujauja|morimori3|hisohiso|gojagoja2|sekaseka|berabera|hokahoka|shikkari
2,11,trial,betabeta,STICKY|GUMMY|GOOEY,honnori|chirahora|hiyahiya|bukubuku|harahara|debudebu|fuwafuwa|kebakeba|nurunuru|kachikachi|chikuchiku|boroboro|kankan2|kirakira|nikoniko-nomosaic|buruburu|gojagoja|wanwan|morimori2|sansan|korokoro2|ukiuki|gizagiza|gokugoku|kunekune|dokidoki|morimori|bukubuku2|wakuwaku|gayagaya|mojimoji|kankan3|berabera2|kankan|korokoro|ujauja|morimori3|hisohiso|gojagoja2|sekaseka|berabera|hokahoka|shikkari
3,1,practice,honnori,WAFTING,chirahora|hiyahiya|bukubuku|harahara|debudebu|fuwafuwa|kebakeba|nurunuru|kachikachi|chikuchiku|boroboro|kankan2|kirakira|nikoniko-nomosaic|buruburu|gojagoja|wanwan|betabeta|morimori2|sansan|korokoro2|ukiuki|gizagiza|gokugoku|kunekune|dokidoki|morimori|bukubuku2|wakuwaku|gayagaya|mojimoji|kankan3|berabera2|kankan|korokoro|ujauja|morimori3|hisohiso|gojagoja2|sekaseka|berabera|hokahoka|shikkari
3,2,practice,chirahora,SKATTERED,honnori|hiyahiya|bukubuku|harahara|debudebu|fuwafuwa|kebakeba|nurunuru|kachikachi|chikuchiku|boroboro|kankan2|kirakira|nikoniko-nomosaic|buruburu|gojagoja|wanwan|betabeta|morimori2|sansan|korokoro2|ukiuki|gizagiza|gokugoku|kunekune|dokidoki|morimori|bukubuku2|wakuwaku|gayagaya|mojimoji|kankan3|berabera2|kankan|korokoro|ujauja|morimori3|hisohiso|gojagoja2|sekaseka|berabera|hokahoka|shikkari
3,3,trial,honnori,FAINTLY|SLIGHTLY|SUBTLY,chirahora|hiyahiya|bukubuku|harahara|debudebu|fuwafuwa|kebakeba|nurunuru|kachikachi|chikuchiku|boroboro|kankan2|kirakira|nikoniko-nomosaic|buruburu|gojagoja|wanwan|betabeta|morimori2|sansan|korokoro2|ukiuki|gizagiza|gokugoku|kunekune|dokidoki|morimori|bukubuku2|wakuwaku|gayagaya|mojimoji|kankan3|berabera2|kankan|korokoro|ujauja|morimori3|hisohiso|gojagoja2|sekaseka|berabera|hokahoka|shikkari
3,4,trial,morimori2,GOBBLING|GORGING (ON FOOD)|PIGGING OUT,honnori|chirahora|hiyahiya|bukubuku|harahara|debudebu|fuwafuwa|kebakeba|nurunuru|kachikachi|chikuchiku|boroboro|kankan2|kirakira|nikoniko-nomosaic|buruburu|gojagoja|wanwan|betabeta|sansan|korokoro2|ukiuki|gizagiza|gokugoku|kunekune|dokidoki|morimori|bukubuku2|wakuwaku|gayagaya|mojimoji|kankan3|berabera2|kankan|korokoro|ujauja|morimori3|hisohiso|gojagoja2|sekaseka|berabera|hokahoka|shikkari
3,5,trial,sansan,BLAZING|BRIGHT|DAZZLING,honnori|chirahora|hiyahiya|bukubuku|harahara|debudebu|fuwafuwa|kebakeba|nurunuru|kachikachi|chikuchiku|boroboro|kankan2|kirakira|nikoniko-nomosaic|buruburu|gojagoja|wanwan|betabeta|morimori2|korokoro2|ukiuki|gizagiza|gokugoku|kunekune|dokidoki|morimori|bukubuku2|wakuwaku|gayagaya|mojimoji|kankan3|berabera2|korokoro|ujauja|morimori3|hisohiso|gojagoja2|sekaseka|berabera|hokahoka|shikkari
3,6,trial,korokoro2,ROUND|CIRCULAR|CURVED,honnori|chirahora|hiyahiya|bukubuku|harahara|debudebu|fuwafuwa|kebakeba|nurunuru|kachikachi|chikuchiku|boroboro|kankan2|kirakira|nikoniko-nomosaic|buruburu|gojagoja|wanwan|betabeta|morimori2|sansan|ukiuki|gizagiza|gokugoku|kunekune|dokidoki|morimori|bukubuku2|wakuwaku|gayagaya|mojimoji|kankan3|berabera2|kankan|korokoro|ujauja|morimori3|hisohiso|gojagoja2|sekaseka|berabera|hokahoka|shikkari
3,7,trial,ukiuki,EXCITED|CHEERFUL|UPBEAT,honnori|chirahora|hiyahiya|bukubuku|harahara|debudebu|fuwafuwa|kebakeba|nurunuru|kachikachi|chikuchiku|boroboro|kankan2|kirakira|nikoniko-nomosaic|buruburu|gojagoja|wanwan|betabeta|morimori2|sansan|korokoro2|gizagiza|gokugoku|kunekune|dokidoki|morimori|bukubuku2|wakuwaku|gayagaya|mojimoji|kankan3|berabera2|kankan|korokoro|ujauja|morimori3|hisohiso|gojagoja2|sekaseka|berabera|hokahoka|shikkari
3,8,trial,gizagiza,ZIG-ZAG|JAGGED|SHARP EDGED,honnori|chirahora|hiyahiya|bukubuku|harahara|debudebu|fuwafuwa|kebakeba|nurunuru|kachikachi|chikuchiku|boroboro|kankan2|kirakira|nikoniko-nomosaic|buruburu|gojagoja|wanwan|betabeta|morimori2|sansan|korokoro2|ukiuki|gokugoku|kunekune|dokidoki|morimori|bukubuku2|wakuwaku|gayagaya|mojimoji|kankan3|berabera2|kankan|korokoro|ujauja|morimori3|hisohiso|gojagoja2|sekaseka|berabera|hokahoka|shikkari
3,9,trial,gokugoku,GULPING|GUZZLING|DRINKING,honnori|chirahora|hiyahiya|bukubuku|harahara|debudebu|fuwafuwa|kebakeba|nurunuru|kachikachi|chikuchiku|boroboro|kankan2|kirakira|nikoniko-nomosaic|buruburu|gojagoja|wanwan|betabeta|morimori2|sansan|korokoro2|ukiuki|gizagiza|kunekune|dokidoki|morimori|bukubuku2|wakuwaku|gayagaya|mojimoji|kankan3|berabera2|kankan|korokoro|ujauja|morimori3|hisohiso|gojagoja2|sekaseka|berabera|hokahoka|shikkari
3,10,trial,kunekune,WINDING|TWISTING|TWIRLING,honnori|chirahora|hiyahiya|bukubuku|harahara|debudebu|fuwafuwa|kebakeba|nurunuru|kachikachi|chikuchiku|boroboro|kankan2|kirakira|nikoniko-nomosaic|buruburu|gojagoja|wanwan|betabeta|morimori2|sansan|korokoro2|ukiuki|gizagiza|gokugoku|dokidoki|morimori|bukubuku2|wakuwaku|gayagaya|mojimoji|kankan3|berabera2|kankan|korokoro|ujauja|morimori3|hisohiso|gojagoja2|sekaseka|berabera|hokahoka|shikkari
3,11,trial,dokidoki,ANXIOUS|AFRAID|NERVOUS,honnori|chirahora|hiyahiya|bukubuku|harahara|debudebu|fuwafuwa|kebakeba|nurunuru|kachikachi|chikuchiku|boroboro|kankan2|kirakira|nikoniko-nomosaic|buruburu|gojagoja|wanwan|betabeta|morimori2|sansan|korokoro2|ukiuki|gizagiza|gokugoku|kunekune|morimori|bukubuku2|wakuwaku|gayagaya|mojimoji|kankan3|berabera2|kankan|korokoro|ujauja|morimori3|hisohiso|gojagoja2|sekaseka|berabera|hokahoka|shikkari
4,1,practice,honnori,WAFTING,chirahora|hiyahiya|bukubuku|harahara|debudebu|fuwafuwa|kebakeba|nurunuru|kachikachi|chikuchiku|boroboro|kankan2|kirakira|nikoniko-nomosaic|buruburu|gojagoja|wanwan|betabeta|morimori2|sansan|korokoro2|ukiuki|gizagiza|gokugoku|kunekune|dokidoki|morimori|bukubuku2|wakuwaku|gayagaya|mojimoji|kankan3|berabera2|kankan|korokoro|ujauja|morimori3|hisohiso|gojagoja2|sekaseka|berabera|hokahoka|shikkari
4,2,practice,chirahora,SKATTERED,honnori|hiyahiya|bukubuku|harahara|debudebu|fuwafuwa|kebakeba|nurunuru|kachikachi|chikuchiku|boroboro|kankan2|kirakira|nikoniko-nomosaic|buruburu|gojagoja|wanwan|betabeta|morimori2|sansan|korokoro2|ukiuki|gizagiza|gokugoku|kunekune|dokidoki|morimori|bukubuku2|wakuwaku|gayagaya|mojimoji|kankan3|berabera2|kankan|korokoro|ujauja|morimori3|hisohiso|gojagoja2|sekaseka|berabera|hokahoka|shikkari
4,3,trial,morimori,MUSCLY|BUFF|BULKY,honnori|chirahora|hiyahiya|bukubuku|harahara|debudebu|fuwafuwa|kebakeba|nurunuru|kachikachi|chikuchiku|boroboro|kankan2|kirakira|nikoniko-nomosaic|buruburu|gojagoja|wanwan|betabeta|morimori2|sansan|korokoro2|ukiuki|gizagiza|gokugoku|kunekune|dokidoki|bukubuku2|wakuwaku|gayagaya|mojimoji|kankan3|berabera2|kankan|korokoro|ujauja|morimori3|hisohiso|gojagoja2|sekaseka|berabera|hokahoka|shikkari
4,4,trial,bukubuku2,ROUND|SWOLLEN|BLOATED,honnori|chirahora|hiyahiya|harahara|debudebu|fuwafuwa|kebakeba|nurunuru|kachikachi|chikuchiku|boroboro|kankan2|kirakira|nikoniko-nomosaic|buruburu|gojagoja|wanwan|betabeta|morimori2|sansan|korokoro2|ukiuki|gizagiza|gokugoku|kunekune|dokidoki|morimori|wakuwaku|gayagaya|mojimoji|kankan3|berabera2|kankan|korokoro|ujauja|morimori3|hisohiso|gojagoja2|sekaseka|berabera|hokahoka|shikkari
4,5,trial,wakuwaku,EXCITED|CHEERFUL|UPBEAT,honnori|chirahora|hiyahiya|bukubuku|harahara|debudebu|fuwafuwa|kebakeba|nurunuru|kachikachi|chikuchiku|boroboro|kankan2|kirakira|nikoniko-nomosaic|buruburu|gojagoja|wanwan|betabeta|morimori2|sansan|korokoro2|ukiuki|gizagiza|gokugoku|kunekune|dokidoki|morimori|bukubuku2|gayagaya|mojimoji|kankan3|berabera2|kankan|korokoro|ujauja|morimori3|hisohiso|gojagoja2|sekaseka|berabera|hokahoka|shikkari
4,6,trial,gayagaya,LOUD|HUBBUB|NOISY,honnori|chirahora|hiyahiya|bukubuku|harahara|debudebu|fuwafuwa|kebakeba|nurunuru|kachikachi|chikuchiku|boroboro|kankan2|kirakira|nikoniko-nomosaic|buruburu|gojagoja|wanwan|betabeta|morimori2|sansan|korokoro2|ukiuki|gizagiza|gokugoku|kunekune|dokidoki|morimori|bukubuku2|wakuwaku|mojimoji|kankan3|berabera2|kankan|korokoro|ujauja|morimori3|hisohiso|gojagoja2|sekaseka|berabera|hokahoka|shikkari
4,7,trial,mojimoji,RESTLESS|FIDGETY|SQUIRMING,honnori|chirahora|hiyahiya|bukubuku|harahara|debudebu|fuwafuwa|kebakeba|nurunuru|kachikachi|chikuchiku|boroboro|kankan2|kirakira|nikoniko-nomosaic|buruburu|gojagoja|wanwan|betabeta|morimori2|sansan|korokoro2|ukiuki|gizagiza|gokugoku|kunekune|dokidoki|morimori|bukubuku2|wakuwaku|gayagaya|kankan3|berabera2|kankan|korokoro|ujauja|morimori3|hisohiso|gojagoja2|sekaseka|berabera|hokahoka|shikkari
4,8,trial,kankan3,CLANGING|CLAMORING|BANGING,honnori|chirahora|hiyahiya|bukubuku|harahara|debudebu|fuwafuwa|kebakeba|nurunuru|kachikachi|chikuchiku|boroboro|kankan2|kirakira|nikoniko-nomosaic|buruburu|gojagoja|wanwan|betabeta|morimori2|sansan|korokoro2|ukiuki|gizagiza|gokugoku|kunekune|dokidoki|morimori|bukubuku2|wakuwaku|gayagaya|mojimoji|berabera2|kankan|korokoro|ujauja|morimori3|hisohiso|gojagoja2|sekaseka|berabera|hokahoka|shikkari
4,9,trial,berabera2,TEARING|SHREDDING|RIPPING,honnori|chirahora|hiyahiya|bukubuku|harahara|debudebu|fuwafuwa|kebakeba|nurunuru|kachikachi|chikuchiku|boroboro|kankan2|kirakira|nikoniko-nomosaic|buruburu|gojagoja|wanwan|betabeta|morimori2|sansan|korokoro2|ukiuki|gizagiza|gokugoku|kunekune|dokidoki|morimori|bukubuku2|wakuwaku|gayagaya|mojimoji|kankan3|kankan|korokoro|ujauja|morimori3|hisohiso|gojagoja2|sekaseka|berabera|hokahoka|shikkari
4,10,trial,kankan,BLAZING|BRIGHT|DAZZLING,honnori|chirahora|hiyahiya|bukubuku|harahara|debudebu|fuwafuwa|kebakeba|nurunuru|kachikachi|chikuchiku|boroboro|kankan2|kirakira|nikoniko-nomosaic|buruburu|gojagoja|wanwan|betabeta|morimori2|korokoro2|ukiuki|gizagiza|gokugoku|kunekune|dokidoki|morimori|bukubuku2|wakuwaku|gayagaya|mojimoji|kankan3|berabera2|korokoro|ujauja|morimori3|hisohiso|gojagoja2|sekaseka|berabera|hokahoka|shikkari
4,11,trial,buruburu,SHAKING|TREMBLING|SHIVERING,honnori|chirahora|hiyahiya|bukubuku|harahara|debudebu|fuwafuwa|kebakeba|nurunuru|kachikachi|chikuchiku|boroboro|kankan2|kirakira|nikoniko-nomosaic|gojagoja|wanwan|betabeta|morimori2|sansan|korokoro2|ukiuki|gizagiza|gokugoku|kunekune|dokidoki|morimori|bukubuku2|wakuwaku|gayagaya|mojimoji|kankan3|berabera2|kankan|korokoro|ujauja|morimori3|hisohiso|gojagoja2|sekaseka|berabera|hokahoka|shikkari
5,1,practice,honnori,WAFTING,chirahora|hiyahiya|bukubuku|harahara|debudebu|fuwafuwa|kebakeba|nurunuru|kachikachi|chikuchiku|boroboro|kankan2|kirakira|nikoniko-nomosaic|buruburu|gojagoja|wanwan|betabeta|morimori2|sansan|korokoro2|ukiuki|gizagiza|gokugoku|kunekune|dokidoki|morimori|bukubuku2|wakuwaku|gayagaya|mojimoji|kankan3|berabera2|kankan|korokoro|ujauja|morimori3|hisohiso|gojagoja2|sekaseka|berabera|hokahoka|shikkari
5,2,practice,chirahora,SKATTERED,honnori|hiyahiya|bukubuku|harahara|debudebu|fuwafuwa|kebakeba|nurunuru|kachikachi|chikuchiku|boroboro|kankan2|kirakira|nikoniko-nomosaic|buruburu|gojagoja|wanwan|betabeta|morimori2|sansan|korokoro2|ukiuki|gizagiza|gokugoku|kunekune|dokidoki|morimori|bukubuku2|wakuwaku|gayagaya|mojimoji|kankan3|berabera2|kankan|korokoro|ujauja|morimori3|hisohiso|gojagoja2|sekaseka|berabera|hokahoka|shikkari
5,3,trial,korokoro,ROLLING|TURNING|SPINNING,honnori|chirahora|hiyahiya|bukubuku|harahara|debudebu|fuwafuwa|kebakeba|nurunuru|kachikachi|chikuchiku|boroboro|kankan2|kirakira|nikoniko-nomosaic|buruburu|gojagoja|wanwan|betabeta|morimori2|sansan|korokoro2|ukiuki|gizagiza|gokugoku|kunekune|dokidoki|morimori|bukubuku2|wakuwaku|gayagaya|mojimoji|kankan3|berabera2|kankan|ujauja|morimori3|hisohiso|gojagoja2|sekaseka|berabera|hokahoka|shikkari
5,4,trial,ujauja,SQUIRMING|WRIGGLING|FIDGETY,honnori|chirahora|hiyahiya|bukubuku|harahara|debudebu|fuwafuwa|kebakeba|nurunuru|kachikachi|chikuchiku|boroboro|kankan2|kirakira|nikoniko-nomosaic|buruburu|gojagoja|wanwan|betabeta|morimori2|sansan|korokoro2|ukiuki|gizagiza|gokugoku|kunekune|dokidoki|morimori|bukubuku2|wakuwaku|gayagaya|mojimoji|kankan3|berabera2|kankan|korokoro|morimori3|hisohiso|gojagoja2|sekaseka|berabera|hokahoka|shikkari
5,5,trial,morimori3,LUMPY|IN A MOUND|PILED UP,honnori|chirahora|hiyahiya|bukubuku|harahara|debudebu|fuwafuwa|kebakeba|nurunuru|kachikachi|chikuchiku|boroboro|kankan2|kirakira|nikoniko-nomosaic|buruburu|gojagoja|wanwan|betabeta|morimori2|sansan|korokoro2|ukiuki|gizagiza|gokugoku|kunekune|dokidoki|morimori|bukubuku2|wakuwaku|gayagaya|mojimoji|kankan3|berabera2|kankan|korokoro|ujauja|hisohiso|gojagoja2|sekaseka|berabera|hokahoka|shikkari
5,6,trial,hisohiso,WHISPERING|HUSHED|QUIETLY,honnori|chirahora|hiyahiya|bukubuku|harahara|debudebu|fuwafuwa|kebakeba|nurunuru|kachikachi|chikuchiku|boroboro|kankan2|kirakira|nikoniko-nomosaic|buruburu|gojagoja|wanwan|betabeta|morimori2|sansan|korokoro2|ukiuki|gizagiza|gokugoku|kunekune|dokidoki|morimori|bukubuku2|wakuwaku|gayagaya|mojimoji|kankan3|berabera2|kankan|korokoro|ujauja|morimori3|gojagoja2|sekaseka|berabera|hokahoka|shikkari
5,7,trial,gojagoja2,JUMBLED UP|MIXED UP|MUDDLED UP,honnori|chirahora|hiyahiya|bukubuku|harahara|debudebu|fuwafuwa|kebakeba|nurunuru|kachikachi|chikuchiku|boroboro|kankan2|kirakira|nikoniko-nomosaic|buruburu|wanwan|betabeta|morimori2|sansan|korokoro2|ukiuki|gizagiza|gokugoku|kunekune|dokidoki|morimori|bukubuku2|wakuwaku|gayagaya|mojimoji|kankan3|berabera2|kankan|korokoro|ujauja|morimori3|hisohiso|sekaseka|berabera|hokahoka|shikkari
5,8,trial,sekaseka,RUSHING|HURRIED|FLUSTERED,honnori|chirahora|hiyahiya|bukubuku|harahara|debudebu|fuwafuwa|kebakeba|nurunuru|kachikachi|chikuchiku|boroboro|kankan2|kirakira|nikoniko-nomosaic|buruburu|gojagoja|wanwan|betabeta|morimori2|sansan|korokoro2|ukiuki|gizagiza|gokugoku|kunekune|dokidoki|morimori|bukubuku2|wakuwaku|gayagaya|mojimoji|kankan3|berabera2|kankan|korokoro|ujauja|morimori3|hisohiso|gojagoja2|berabera|hokahoka|shikkari
5,9,trial,berabera,BLABBING ON |PRATTLING ON|CHATTERING,honnori|chirahora|hiyahiya|bukubuku|harahara|debudebu|fuwafuwa|kebakeba|nurunuru|kachikachi|chikuchiku|boroboro|kankan2|kirakira|nikoniko-nomosaic|buruburu|gojagoja|wanwan|betabeta|morimori2|sansan|korokoro2|ukiuki|gizagiza|gokugoku|kunekune|dokidoki|morimori|bukubuku2|wakuwaku|gayagaya|mojimoji|kankan3|berabera2|kankan|korokoro|ujauja|morimori3|hisohiso|gojagoja2|sekaseka|hokahoka|shikkari
5,10,trial,hokahoka,STEAMING HOT|PIPING HOT|SCALDING HOT,honnori|chirahora|hiyahiya|bukubuku|harahara|debudebu|fuwafuwa|kebakeba|nurunuru|kachikachi|chikuchiku|boroboro|kankan2|kirakira|nikoniko-nomosaic|buruburu|gojagoja|wanwan|betabeta|morimori2|sansan|korokoro2|ukiuki|gizagiza|gokugoku|kunekune|dokidoki|morimori|bukubuku2|wakuwaku|gayagaya|mojimoji|kankan3|berabera2|kankan|korokoro|ujauja|morimori3|hisohiso|gojagoja2|sekaseka|berabera|shikkari
5,11,trial,shikkari,TIGHTLY|FIRMLY|SECURELY,honnori|chirahora|hiyahiya|bukubuku|harahara|debudebu|fuwafuwa|kebakeba|nurunuru|kachikachi|chikuchiku|boroboro|kankan2|kirakira|nikoniko-nomosaic|buruburu|gojagoja|wanwan|betabeta|morimori2|sansan|korokoro2|ukiuki|gizagiza|gokugoku|kunekune|dokidoki|morimori|bukubuku2|wakuwaku|gayagaya|mojimoji|kankan3|berabera2|kankan|korokoro|ujauja|morimori3|hisohiso|gojagoja2|sekaseka|berabera|hokahoka
